[
  {
    "name": "Strawberry Candle",
    "src": "assets/items/Candle-Maker/Strawberry_Candle.webp",
    "category": "Candle-Maker",
    "qty": 0,
    "lvl": 48
  },
  {
    "name": "Raspberry Candle",
    "src": "assets/items/Candle-Maker/Raspberry_Candle.webp",
    "category": "Candle-Maker",
    "qty": 0,
    "lvl": 52
  },
  {
    "name": "Lemon Candle",
    "src": "assets/items/Candle-Maker/Lemon_Candle.webp",
    "category": "Candle-Maker",
    "qty": 0,
    "lvl": 72
  },
  {
    "name": "Colorful Candles",
    "src": "assets/items/Candle-Maker/Colorful_Candles.webp",
    "category": "Candle-Maker",
    "qty": 0,
    "lvl": 84
  },
  {
    "name": "Floral Candle",
    "src": "assets/items/Candle-Maker/Floral_Candle.webp",
    "category": "Candle-Maker",
    "qty": 0,
    "lvl": 95
  }
]
