[
  {
    "name": "Feta Salad",
    "src": "assets/items/Salad-Bar/Feta_Salad.webp",
    "category": "Salad-Bar",
    "qty": 0,
    "lvl": 58
  },
  {
    "name": "BLT Salad",
    "src": "assets/items/Salad-Bar/BLT_Salad.webp",
    "category": "Salad-Bar",
    "qty": 0,
    "lvl": 62
  },
  {
    "name": "Seafood Salad",
    "src": "assets/items/Salad-Bar/Seafood_Salad.webp",
    "category": "Salad-Bar",
    "qty": 0,
    "lvl": 64
  },
  {
    "name": "Pasta Salad",
    "src": "assets/items/Salad-Bar/Pasta_Salad.webp",
    "category": "Salad-Bar",
    "qty": 0,
    "lvl": 67
  },
  {
    "name": "Veggie Platter",
    "src": "assets/items/Salad-Bar/Veggie_Platter.webp",
    "category": "Salad-Bar",
    "qty": 0,
    "lvl": 74
  },
  {
    "name": "Coleslaw",
    "src": "assets/items/Salad-Bar/Coleslaw.webp",
    "category": "Salad-Bar",
    "qty": 0,
    "lvl": 75
  },
  {
    "name": "Beetroot Salad",
    "src": "assets/items/Salad-Bar/Beetroot_Salad.webp",
    "category": "Salad-Bar",
    "qty": 0,
    "lvl": 76
  },
  {
    "name": "Summer Rolls",
    "src": "assets/items/Salad-Bar/Summer_Rolls.webp",
    "category": "Salad-Bar",
    "qty": 0,
    "lvl": 78
  },
  {
    "name": "Fruit Salad",
    "src": "assets/items/Salad-Bar/Fruit_Salad.webp",
    "category": "Salad-Bar",
    "qty": 0,
    "lvl": 82
  },
  {
    "name": "Summer Salad",
    "src": "assets/items/Salad-Bar/Summer_Salad.webp",
    "category": "Salad-Bar",
    "qty": 0,
    "lvl": 84
  },
  {
    "name": "Mushroom Salad",
    "src": "assets/items/Salad-Bar/Mushroom_Salad.webp",
    "category": "Salad-Bar",
    "qty": 0,
    "lvl": 89
  },
  {
    "name": "Orange Salad",
    "src": "assets/items/Salad-Bar/Orange_Salad.webp",
    "category": "Salad-Bar",
    "qty": 0,
    "lvl": 117
  }
]
