[
  {
    "name": "Apple Porridge",
    "src": "assets/items/Porridge-Bar/Apple_Porridge.webp",
    "category": "Porridge-Bar",
    "qty": 0,
    "lvl": 119
  },
  {
    "name": "Sweet Porridge",
    "src": "assets/items/Porridge-Bar/Sweet_Porridge.webp",
    "category": "Porridge-Bar",
    "qty": 0,
    "lvl": 120
  },
  {
    "name": "Fresh Porridge",
    "src": "assets/items/Porridge-Bar/Fresh_Porridge.webp",
    "category": "Porridge-Bar",
    "qty": 0,
    "lvl": 122
  }
]
