[
  {
    "src": "assets/items/Pie/Carrot_Pie.webp",
    "name": "Carrot Pie",
    "qty": 0,
	"level": 14,
    "category": "Pie"
  },
  {
    "src": "assets/items/Pie/Pumpkin_Pie.webp",
    "name": "Pumpkin Pie",
    "qty": 0,
	"level": 15,
    "category": "Pie"
  },
  {
    "src": "assets/items/Pie/Bacon_Pie.webp",
    "name": "Bacon Pie",
    "qty": 0,
	"level": 18,
    "category": "Pie"
  },
  {
    "src": "assets/items/Pie/Apple_Pie.webp",
    "name": "Apple Pie",
    "qty": 0,
	"level": 28,
    "category": "Pie"
  },
  {
    "src": "assets/items/Pie/Fish_Pie.webp",
    "name": "Fish Pie",
    "qty": 0,
	"level": 28,
    "category": "Pie"
  },
  {
    "src": "assets/items/Pie/Feta_Pie.webp",
    "name": "Feta Pie",
    "qty": 0,
	"level": 34,
    "category": "Pie"
  },
  {
    "src": "assets/items/Pie/Casserole.webp",
    "name": "Casserole",
    "qty": 0,
	"level": 36,
    "category": "Pie"
  },
  {
    "src": "assets/items/Pie/Shepherds_Pie.webp",
    "name": "Shepherd's Pie",
    "qty": 0,
	"level": 39,
    "category": "Pie"
  },
  {
    "src": "assets/items/Pie/Asparagus_Quiche.webp",
    "name": "Asparagus Quiche",
    "qty": 0,
	"level": 49,
    "category": "Pie"
  },
  {
    "src": "assets/items/Pie/Chocolate_Pie.webp",
    "name": "Chocolate Pie",
    "qty": 0,
	"level": 65,
    "category": "Pie"
  },
  {
    "src": "assets/items/Pie/Lemon_Pie.webp",
    "name": "Lemon Pie",
    "qty": 0,
	"level": 67,
    "category": "Pie"
  },
  {
    "src": "assets/items/Pie/Peach_Tart.webp",
    "name": "Peach Tart",
    "qty": 0,
	"level": 76,
    "category": "Pie"
  },
  {
    "src": "assets/items/Pie/Passion_Fruit_Pie.webp",
    "name": "Passion Fruit Pie",
    "qty": 0,
	"level": 92,
    "category": "Pie"
  },
  {
    "src": "assets/items/Pie/Mushroom_Pot_Pie.webp",
    "name": "Mushroom Pot Pie",
    "qty": 0,
	"level": 97,
    "category": "Pie"
  },
  {
    "src": "assets/items/Pie/Eggplant_Parmesan.webp",
    "name": "Eggplant Parmesan",
    "qty": 0,
	"level": 99,
    "category": "Pie"
  }
]
