[
  {
    "name": "Chicken Feed",
    "src": "assets/items/Feed-Mill/Chicken_Feed.webp",
    "category": "Feed-Mill",
    "qty": 0,
    "lvl": 3
  },
  {
    "name": "Cow Feed",
    "src": "assets/items/Feed-Mill/Cow_Feed.webp",
    "category": "Feed-Mill",
    "qty": 0,
    "lvl": 6
  },
  {
    "name": "Pig Feed",
    "src": "assets/items/Feed-Mill/Pig_Feed.webp",
    "category": "Feed-Mill",
    "qty": 0,
    "lvl": 10
  },
  {
    "name": "Sheep Feed",
    "src": "assets/items/Feed-Mill/Sheep_Feed.webp",
    "category": "Feed-Mill",
    "qty": 0,
    "lvl": 16
  },
  {
    "name": "Goat Feed",
    "src": "assets/items/Feed-Mill/Goat_Feed.webp",
    "category": "Feed-Mill",
    "qty": 0,
    "lvl": 32
  },
  {
    "name": "Wheat Bundle",
    "src": "assets/items/Feed-Mill/Wheat_Bundle.webp",
    "category": "Feed-Mill",
    "qty": 0,
    "lvl": 0
  },
  {
    "name": "Meat Bucket",
    "src": "assets/items/Feed-Mill/Meat_Bucket.webp",
    "category": "Feed-Mill",
    "qty": 0,
    "lvl": 0
  }
]
